{
  "id": "1531988",
  "name": "tmall",
  "font_family": "iconfont",
  "css_prefix_text": "icon-",
  "description": "",
  "glyphs": [
    {
      "icon_id": "375228",
      "name": "医药保健",
      "font_class": "medical",
      "unicode": "e639",
      "unicode_decimal": 58937
    },
    {
      "icon_id": "523108",
      "name": "水果",
      "font_class": "fruit",
      "unicode": "e633",
      "unicode_decimal": 58931
    },
    {
      "icon_id": "604757",
      "name": "刷新",
      "font_class": "new",
      "unicode": "e786",
      "unicode_decimal": 59270
    },
    {
      "icon_id": "720337",
      "name": "母婴",
      "font_class": "baby",
      "unicode": "e653",
      "unicode_decimal": 58963
    },
    {
      "icon_id": "994821",
      "name": "不正确",
      "font_class": "buzhengque",
      "unicode": "e79a",
      "unicode_decimal": 59290
    },
    {
      "icon_id": "1054352",
      "name": "图书音像",
      "font_class": "music",
      "unicode": "e80b",
      "unicode_decimal": 59403
    },
    {
      "icon_id": "1161817",
      "name": "女装内衣",
      "font_class": "underware",
      "unicode": "e604",
      "unicode_decimal": 58884
    },
    {
      "icon_id": "1244638",
      "name": "首页",
      "font_class": "shouye",
      "unicode": "e609",
      "unicode_decimal": 58889
    },
    {
      "icon_id": "1512704",
      "name": "网站导航",
      "font_class": "dh1",
      "unicode": "e610",
      "unicode_decimal": 58896
    },
    {
      "icon_id": "1526644",
      "name": "网站导航",
      "font_class": "dh",
      "unicode": "e600",
      "unicode_decimal": 58880
    },
    {
      "icon_id": "1629786",
      "name": "首页－冰箱",
      "font_class": "frige",
      "unicode": "e601",
      "unicode_decimal": 58881
    },
    {
      "icon_id": "1672196",
      "name": "手机",
      "font_class": "phone3",
      "unicode": "e602",
      "unicode_decimal": 58882
    },
    {
      "icon_id": "1773931",
      "name": "安全",
      "font_class": "safer",
      "unicode": "e611",
      "unicode_decimal": 58897
    },
    {
      "icon_id": "2311388",
      "name": "男女鞋",
      "font_class": "nx",
      "unicode": "e650",
      "unicode_decimal": 58960
    },
    {
      "icon_id": "2657552",
      "name": "new",
      "font_class": "new1",
      "unicode": "e606",
      "unicode_decimal": 58886
    },
    {
      "icon_id": "2915063",
      "name": "店铺",
      "font_class": "shop",
      "unicode": "e60b",
      "unicode_decimal": 58891
    },
    {
      "icon_id": "3041927",
      "name": "密码",
      "font_class": "pwd",
      "unicode": "e618",
      "unicode_decimal": 58904
    },
    {
      "icon_id": "3235122",
      "name": "手机",
      "font_class": "phone2",
      "unicode": "e628",
      "unicode_decimal": 58920
    },
    {
      "icon_id": "3370150",
      "name": "qr-code",
      "font_class": "qr-code",
      "unicode": "e648",
      "unicode_decimal": 58952
    },
    {
      "icon_id": "3454920",
      "name": "hot",
      "font_class": "hot",
      "unicode": "e621",
      "unicode_decimal": 58913
    },
    {
      "icon_id": "3496383",
      "name": "不正确的参数依赖",
      "font_class": "uncorrect",
      "unicode": "e612",
      "unicode_decimal": 58898
    },
    {
      "icon_id": "3816143",
      "name": "手机",
      "font_class": "phone1",
      "unicode": "e651",
      "unicode_decimal": 58961
    },
    {
      "icon_id": "3878761",
      "name": "qr",
      "font_class": "qr",
      "unicode": "e61e",
      "unicode_decimal": 58910
    },
    {
      "icon_id": "4555155",
      "name": "购物车空",
      "font_class": "cartbutton",
      "unicode": "e60e",
      "unicode_decimal": 58894
    },
    {
      "icon_id": "4656597",
      "name": "面条",
      "font_class": "snack",
      "unicode": "e65b",
      "unicode_decimal": 58971
    },
    {
      "icon_id": "4910073",
      "name": "家具建材",
      "font_class": "jiaju",
      "unicode": "e603",
      "unicode_decimal": 58883
    },
    {
      "icon_id": "5111671",
      "name": "手机",
      "font_class": "phone",
      "unicode": "e7b6",
      "unicode_decimal": 59318
    },
    {
      "icon_id": "5857042",
      "name": "咖啡",
      "font_class": "cafe",
      "unicode": "e86d",
      "unicode_decimal": 59501
    },
    {
      "icon_id": "6366858",
      "name": "汽车",
      "font_class": "car",
      "unicode": "e663",
      "unicode_decimal": 58979
    },
    {
      "icon_id": "6623532",
      "name": "家纺家饰",
      "font_class": "sofa",
      "unicode": "e605",
      "unicode_decimal": 58885
    },
    {
      "icon_id": "6716890",
      "name": "更多",
      "font_class": "more",
      "unicode": "e74d",
      "unicode_decimal": 59213
    },
    {
      "icon_id": "6836670",
      "name": "男装",
      "font_class": "nz",
      "unicode": "e6a7",
      "unicode_decimal": 59047
    },
    {
      "icon_id": "6938824",
      "name": "购物车",
      "font_class": "cart",
      "unicode": "e68e",
      "unicode_decimal": 59022
    },
    {
      "icon_id": "6957034",
      "name": "放大镜",
      "font_class": "magnifier",
      "unicode": "e60d",
      "unicode_decimal": 58893
    },
    {
      "icon_id": "7215506",
      "name": "五星",
      "font_class": "star",
      "unicode": "e60c",
      "unicode_decimal": 58892
    },
    {
      "icon_id": "7394372",
      "name": "账号密码登录-面",
      "font_class": "PwdLogin",
      "unicode": "ebd1",
      "unicode_decimal": 60369
    },
    {
      "icon_id": "7854368",
      "name": "美妆",
      "font_class": "mz",
      "unicode": "e6ab",
      "unicode_decimal": 59051
    },
    {
      "icon_id": "8366640",
      "name": "珠宝饰品",
      "font_class": "diamond",
      "unicode": "e60f",
      "unicode_decimal": 58895
    },
    {
      "icon_id": "8427034",
      "name": "天猫",
      "font_class": "tmall-tmall",
      "unicode": "e60a",
      "unicode_decimal": 58890
    },
    {
      "icon_id": "8677279",
      "name": "顶部",
      "font_class": "top",
      "unicode": "e608",
      "unicode_decimal": 58888
    },
    {
      "icon_id": "8687354",
      "name": "删  除",
      "font_class": "del",
      "unicode": "e629",
      "unicode_decimal": 58921
    },
    {
      "icon_id": "8990906",
      "name": "用户",
      "font_class": "userName",
      "unicode": "e607",
      "unicode_decimal": 58887
    },
    {
      "icon_id": "9727834",
      "name": "扫一扫 二维码 扫码 扫描 (1)",
      "font_class": "qrcodeb",
      "unicode": "e66f",
      "unicode_decimal": 58991
    },
    {
      "icon_id": "10365974",
      "name": "二维码",
      "font_class": "qrCode",
      "unicode": "e684",
      "unicode_decimal": 59012
    }
  ]
}
